Author, Code, Difficulty, Sizemap
Ssk#0000, 764650, 1, 0
Pamdecp#0020, 1359620, 1, 0
Eili#0000, 1586310, 1, 0
Meatwin#0000, 1719709, 1, 0
Drotik#8972, 3085295, 1, 0
Browndown#0095, 3241030, 1, 0
Alandex#0000, 3558682, 1, 0
Xorcist#0000, 3636206, 1, 0
Diegots#0095, 3804078, 1, 0
Eili#0000, 3866650, 1, 0
Xorcist#0000, 3883780, 1, 0
Rdzoze#0000, 3937060, 1, 0
Sladkoru#5992, 3940243, 1, 0
Diegots#0095, 3944386, 1, 0
Swxasqq#0000, 3976725, 1, 0
Recessionist#0000, 3995343, 1, 0
Xorcist#0000, 4454308, 1, 0
Xorcist#0000, 4605303, 1, 0
Xorcist#0000, 4694197, 1, 0
Superasno#0095, 4701337, 1, 0
Gobbek#0000, 4766627, 1, 0
Xorcist#0000, 4784241, 1, 0
Xorcist#0000, 4834444, 1, 0
Gary#6926, 4891210, 1, 0
Xorcist#0000, 4892845, 1, 0
Gary#6926, 4993609, 1, 0
Gary#6926, 4999420, 1, 0
Drotik#8972, 5159079, 1, 0
Xorcist#0000, 5526649, 1, 0
Drotik#8972, 5588806, 1, 0
Xorcist#0000, 5746869, 1, 0
Gobbek#0000, 5888889, 1, 0
Gobbek#0000, 6000053, 1, 0
Gobbek#0000, 6000054, 1, 0
Gobbek#0000, 6000056, 1, 0
Xorcist#0000, 6229884, 1, 0
Urook#1131, 6241414, 1, 0
Artk#0000, 6245422, 1, 0
Liar#0000, 6352723, 1, 0
Drotik#8972, 6354614, 1, 0
Brpiy#6028, 6458351, 1, 0
Corncycle#0095, 6499717, 1, 0
Liar#0000, 6509312, 1, 0
Suwns#0000, 6521321, 1, 0
Eili#0000, 6550335, 1, 0
Gobbek#0000, 6584804, 1, 0
Suwns#0000, 6608398, 1, 0
+Mistersacri#0000, 6747530, 1, 0
Gobbek#0000, 6782978, 1, 0
Sladkoru#5992, 6794767, 1, 0
Mquk#0095, 6801791, 1, 0
Suwns#0000, 6834436, 1, 0
Brpiy#6028, 6883555, 1, 0
Mousezxcvbn#0000, 6914135, 1, 0
Pratton#0095, 6933971, 1, 0
Sladkoru#5992, 6974000, 1, 0
Pratton#0095, 6998333, 1, 0
Pratton#0095, 7000026, 1, 0
Pratton#0095, 7000045, 1, 0
Armani#5686, 7054821, 1, 0
Mquk#0095, 7060000, 1, 0
Danielmago#0000, 7063314, 1, 0
Mquk#0095, 7076000, 1, 0
Mquk#0095, 7093000, 1, 0
Sladkoru#5992, 7100750, 1, 0
Ginzuki#0000, 7106057, 1, 0
Apollopolo#0000, 7142739, 1, 0
Ahfarecikahh#0000, 7167027, 1, 0
Suwns#0000, 7180403, 1, 0
Suwns#0000, 7184872, 1, 0
Xorcist#0000, 7196825, 1, 0
Sladkoru#5992, 7225542, 1, 0
Xorcist#0000, 7227693, 1, 0
Virtini#0000, 7233579, 1, 0
Xorcist#0000, 7235760, 1, 0
Sladkoru#5992, 7252052, 1, 0
Virtini#0000, 7253986, 1, 0
Virtini#0000, 7255000, 1, 0
Virtini#0000, 7270727, 1, 0
Urook#1131, 7275031, 1, 0
Virtini#0000, 7275727, 1, 0
Virtini#0000, 7277277, 1, 0
Urook#1131, 7312283, 1, 0
Virtini#0000, 7312345, 1, 0
Virtini#0000, 7314101, 1, 0
Urook#1131, 7329789, 1, 0
Pratton#0095, 7368881, 1, 0
Virtini#0000, 7372373, 1, 0
Stefan#0095, 7390999, 1, 0
Xdcadete#0000, 7391900, 1, 0
Shalander#0000, 7399290, 1, 0
Virtini#0000, 7399800, 1, 0
Mquk#0095, 7404055, 1, 0
Urook#1131, 7424622, 1, 0
Vintage#0246, 7440742, 1, 0
Sladkoru#5992, 7452095, 1, 0
Alarobzein#0000, 7462643, 1, 0
Virtini#0000, 7467428, 1, 0
Virtini#0000, 7487831, 1, 0
Pratton#0095, 7492108, 1, 0
Gamle#9340, 7504114, 1, 0
Shalander#0000, 7510807, 1, 0
Pratton#0095, 7573154, 1, 0
Virtini#0000, 7590989, 1, 0
Eduard11#2625, 7615553, 1, 0
Eduard11#2625, 7621795, 1, 0
Virtini#0000, 7622698, 1, 0
End#2728, 7623620, 1, 0
Shalander#0000, 7680250, 1, 0
Drotik#8972, 7688823, 1, 0
Omgjrn#0000, 7700756, 1, 0
Omgjrn#0000, 7700775, 1, 0
Omgjrn#0000, 7700777, 1, 0
Alarobzein#0000, 7701092, 1, 0
Drotik#8972, 7704493, 1, 0
Zaurye#0000, 7707625, 1, 0
Alarobzein#0000, 7732692, 1, 0
Guisanper#0000, 7744289, 1, 0
Xaxadoooooo#0000, 7766573, 1, 0
Omgjrn#0000, 7767666, 1, 0
Omgjrn#0000, 7767776, 1, 0
Mquk#0095, 7777797, 1, 0
Xaxadoooooo#0000, 7784763, 1, 0
Clannan#0000, 7809934, 1, 0
Urook#1131, 7813423, 1, 0
Xdapoloxd#0000, 7824589, 1, 0
Alarobzein#0000, 7861688, 1, 0
Portwave#8221, 7899899, 1, 0
Lo_ski#0331, 7908922, 1, 0
Xaxadoooooo#0000, 7913621, 1, 0
Jim#3189, 7921327, 1, 0
Bautipro#5357, 7926516, 1, 0
Jim#3189, 7933065, 1, 0
Erzachopper#5967, 7936456, 1, 0
Bautipro#5357, 7969978, 1, 0
Fxie#0000, 1124529, 2, 0
Rdzoze#0000, 2245734, 2, 0
Rdzoze#0000, 2429057, 2, 0
Rdzoze#0000, 2451258, 2, 0
Pamdecp#0020, 2545424, 2, 0
Nyoibou#0095, 2781845, 2, 0
Rdzoze#0000, 2836937, 2, 0
Browndown#0095, 2937562, 2, 0
Rdzoze#0000, 2973289, 2, 0
Rdzoze#0000, 3339586, 2, 0
Rdzoze#0000, 3374686, 2, 0
Bleees#0000, 3386996, 2, 0
Xorcist#0000, 3645605, 2, 0
Rdzoze#0000, 3684292, 2, 0
Rdzoze#0000, 3704015, 2, 0
Charleezy#0000, 3734991, 2, 0
Superasno#0095, 3737744, 2, 0
Xorcist#0000, 3809046, 2, 0
Sladkoru#5992, 3869792, 2, 0
Rdzoze#0000, 3931358, 2, 0
Meatwin#0000, 3938895, 2, 0
Eili#0000, 3999455, 2, 0
Eili#0000, 4130202, 2, 0
Shalander#0000, 4160675, 2, 0
Meatwin#0000, 4209243, 2, 0
Xorcist#0000, 4212122, 2, 0
Eili#0000, 4390388, 2, 0
Eili#0000, 4478459, 2, 0
Xorcist#0000, 4499335, 2, 0
Eili#0000, 4523127, 2, 0
Xorcist#0000, 4528198, 2, 0
Eili#0000, 4559481, 2, 0
Xorcist#0000, 4638223, 2, 0
Xorcist#0000, 4854044, 2, 0
Gobbek#0000, 4890705, 2, 0
Xorcist#0000, 4976520, 2, 0
Gobbek#0000, 5408922, 2, 0
Xorcist#0000, 5485847, 2, 0
Rdzoze#0000, 5678468, 2, 0
Rdzoze#0000, 5699275, 2, 0
Rdzoze#0000, 5733227, 2, 0
Drotik#8972, 5811698, 2, 0
Xorcist#0000, 5819565, 2, 0
Rdzoze#0000, 5847160, 2, 0
Rdzoze#0000, 5850330, 2, 0
Kaan#0999, 5957368, 2, 0
Gobbek#0000, 5983713, 2, 0
Gobbek#0000, 6000031, 2, 0
Gobbek#0000, 6000045, 2, 0
Gobbek#0000, 6000048, 2, 0
Gobbek#0000, 6000051, 2, 0
Gobbek#0000, 6000057, 2, 0
Rdzoze#0000, 6000324, 2, 0
Kaan#0999, 6038214, 2, 0
Kaan#0999, 6040706, 2, 0
Gohoq#0000, 6114776, 2, 0
Danielmago#0000, 6228450, 2, 0
Drotik#8972, 6237745, 2, 0
Liar#0000, 6252288, 2, 0
Xorcist#0000, 6367688, 2, 0
Kaparik#0000, 6449225, 2, 0
Suwns#0000, 6466661, 2, 0
Kaparik#0000, 6494990, 2, 0
Rdzoze#0000, 6501305, 2, 0
Stuckerrs#0000, 6502657, 2, 0
Auroraclears#0000, 6531399, 2, 0
Sladkoru#5992, 6562860, 2, 0
Realounay#0000, 6631702, 2, 0
Vintage#0246, 6633990, 2, 0
Rdzoze#0000, 6777877, 2, 0
Xorcist#0000, 6793803, 2, 0
Suwns#0000, 6799702, 2, 0
Kaparik#0000, 6803839, 2, 0
Suwns#0000, 6813672, 2, 0
Axiary#0000, 6911697, 2, 0
Rdzoze#0000, 6921682, 2, 0
End#2728, 6927386, 2, 0
Alarobzein#0000, 6927717, 2, 0
Alarobzein#0000, 6927976, 2, 0
Apollopolo#0000, 6933187, 2, 0
Figoi#0000, 6971808, 2, 0
Xorcist#0000, 6999993, 2, 0
Stuckerrs#0000, 7037760, 2, 0
Armani#5686, 7096798, 2, 0
Xorcist#0000, 7106520, 2, 0
Sladkoru#5992, 7112860, 2, 0
Mquk#0095, 7151000, 2, 0
Shalander#0000, 7159725, 2, 0
Brpiy#6028, 7167539, 2, 0
Brpiy#6028, 7173296, 2, 0
Jupp#0000, 7175796, 2, 0
Virtini#0000, 7189842, 2, 0
Virtini#0000, 7192029, 2, 0
Virtini#0000, 7192034, 2, 0
Virtini#0000, 7192035, 2, 0
Virtini#0000, 7192039, 2, 0
Virtini#0000, 7194815, 2, 0
Virtini#0000, 7208183, 2, 0
Stuckerrs#0000, 7219540, 2, 0
Xorcist#0000, 7225493, 2, 0
Virtini#0000, 7227889, 2, 0
Virtini#0000, 7228130, 2, 0
Virtini#0000, 7233535, 2, 0
Virtini#0000, 7240002, 2, 0
Virtini#0000, 7245555, 2, 0
Virtini#0000, 7248598, 2, 0
Virtini#0000, 7249127, 2, 0
Virtini#0000, 7249205, 2, 0
Virtini#0000, 7259777, 2, 0
Zackeur#0000, 7274374, 2, 0
Virtini#0000, 7277227, 2, 0
Mquk#0095, 7288883, 2, 0
Shalander#0000, 7295774, 2, 0
Mquk#0095, 7301000, 2, 0
Armani#5686, 7302686, 2, 0
Virtini#0000, 7312300, 2, 0
Virtini#0000, 7333277, 2, 0
Virtini#0000, 7333288, 2, 0
Virtini#0000, 7333303, 2, 0
Virtini#0000, 7333329, 2, 0
Virtini#0000, 7333334, 2, 0
Virtini#0000, 7333345, 2, 0
Virtini#0000, 7333370, 2, 0
Virtini#0000, 7344754, 2, 0
Virtini#0000, 7355550, 2, 0
Mquk#0095, 7360367, 2, 0
Stuckerrs#0000, 7362441, 2, 0
Virtini#0000, 7362743, 2, 0
Stuckerrs#0000, 7366541, 2, 0
Pratton#0095, 7375460, 2, 0
Pratton#0095, 7388868, 2, 0
Brpiy#0000, 7399501, 2, 0
Virtini#0000, 7399799, 2, 0
Virtini#0000, 7400010, 2, 0
Drotik#8972, 7418452, 2, 0
Virtini#0000, 7440577, 2, 0
Virtini#0000, 7440757, 2, 0
End#2728, 7443061, 2, 0
Virtini#0000, 7455555, 2, 0
Virtini#0000, 7477677, 2, 0
Virtini#0000, 7481758, 2, 0
Pratton#0095, 7500010, 2, 0
Virtini#0000, 7511491, 2, 0
Vintage#0246, 7515104, 2, 0
Virtini#0000, 7523286, 2, 0
Hpocks#0000, 7524910, 2, 0
Virtini#0000, 7528494, 2, 0
Mquk#0095, 7534809, 2, 0
Pratton#0095, 7567477, 2, 0
Pratton#0095, 7569384, 2, 0
End#2728, 7571410, 2, 0
Pratton#0095, 7571417, 2, 0
Pratton#0095, 7583614, 2, 0
Virtini#0000, 7590988, 2, 0
Virtini#0000, 7590990, 2, 0
Virtini#0000, 7591019, 2, 0
Virtini#0000, 7594493, 2, 0
Virtini#0000, 7602364, 2, 0
Urook#1131, 7605914, 2, 0
Pratton#0095, 7606163, 2, 0
End#2728, 7633977, 2, 0
End#2728, 7638730, 2, 0
Godmcb#6577, 7660753, 2, 0
Drotik#8972, 7667199, 2, 0
Guisanper#0000, 7680539, 2, 0
Guisanper#0000, 7689929, 2, 0
Eduard11#2625, 7700053, 2, 1
Omgjrn#0000, 7700773, 2, 0
Omgjrn#0000, 7700774, 2, 0
Omgjrn#0000, 7700776, 2, 0
Ijuini#0000, 7703910, 2, 0
Zaurye#0000, 7707620, 2, 0
Zaurye#0000, 7707630, 2, 0
Ijuini#0000, 7708582, 2, 0
Zaurye#0000, 7711350, 2, 0
Alarobzein#0000, 7716928, 2, 0
Godmcb#6577, 7727783, 2, 0
Eduard11#2625, 7730078, 2, 0
Eduard11#2625, 7730087, 2, 0
Xaxadoooooo#0000, 7746751, 2, 0
Alarobzein#0000, 7753256, 2, 0
Xaxadoooooo#0000, 7762789, 2, 0
Omgjrn#0000, 7767019, 2, 0
Omgjrn#0000, 7767767, 2, 0
Refused#0010, 7767911, 2, 0
Alarobzein#0000, 7768701, 2, 0
Omgjrn#0000, 7770222, 2, 1
Omgjrn#0000, 7770714, 2, 0
Omgjrn#0000, 7770755, 2, 0
Portwave#8221, 7771414, 2, 0
Refused#0010, 7773087, 2, 0
Omgjrn#0000, 7777333, 2, 0
Omgjrn#0000, 7777337, 2, 0
Mquk#0095, 7777790, 2, 0
Anotherbob2#0000, 7780188, 2, 0
Alarobzein#0000, 7797990, 2, 0
Drotik#8972, 7799605, 2, 0
Guisanper#0000, 7799820, 2, 0
Portwave#8221, 7800015, 2, 0
Portwave#8221, 7809995, 2, 0
Xaxadoooooo#0000, 7816606, 2, 0
Drotik#8972, 7822361, 2, 0
Xaxadoooooo#0000, 7823148, 2, 0
Xaxadoooooo#0000, 7843685, 2, 0
Alarobzein#0000, 7853715, 2, 1
Alarobzein#0000, 7862113, 2, 0
Alarobzein#0000, 7864529, 2, 0
Alarobzein#0000, 7866108, 2, 0
End#2728, 7868622, 2, 0
Jasseh#0000, 7880887, 2, 0
Jasseh#0000, 7887777, 2, 0
Sladkoru#5992, 7889597, 2, 1
Anotherbob2#0000, 7902647, 2, 0
Weien#6059, 7903380, 2, 0
Lo_ski#0331, 7905780, 2, 0
Katwyn#1614, 7946685, 2, 0
Urook#1131, 7960549, 2, 0
End#2728, 7961007, 2, 0
Urook#1131, 7971905, 2, 0
Jasseh#0000, 7973333, 2, 0
Akiong#3458, 7978797, 2, 0
Rdzoze#0000, 2604643, 3, 0
Rdzoze#0000, 3807588, 3, 0
Xorcist#0000, 4559999, 3, 0
Sladkoru#5992, 4788994, 3, 0
Omgjrn#0000, 5374593, 3, 0
Rdzoze#0000, 5745650, 3, 0
Rdzoze#0000, 5776126, 3, 0
Rdzoze#0000, 6118143, 3, 0
Kaparik#0000, 6390810, 3, 0
Sladkoru#5992, 6538840, 3, 0
Rdzoze#0000, 6591698, 3, 0
Armani#5686, 6940207, 3, 0
Xorcist#0000, 7000003, 3, 0
Mquk#0095, 7012500, 3, 0
Xorcist#0000, 7025830, 3, 0
Xorcist#0000, 7091808, 3, 0
Xorcist#0000, 7142063, 3, 0
Virtini#0000, 7192031, 3, 0
Virtini#0000, 7192033, 3, 0
Stuckerrs#0000, 7195382, 3, 0
Virtini#0000, 7205876, 3, 0
Zackeur#0000, 7254203, 3, 0
Virtini#0000, 7254996, 3, 0
Virtini#0000, 7333374, 3, 0
Virtini#0000, 7337733, 3, 0
Virtini#0000, 7344327, 3, 0
Stuckerrs#0000, 7348525, 3, 0
Virtini#0000, 7355556, 3, 0
Virtini#0000, 7372300, 3, 0
Stuckerrs#0000, 7372303, 3, 0
Virtini#0000, 7391000, 3, 0
Dprocik#0000, 7413360, 3, 0
Urook#1131, 7438524, 3, 0
Alarobzein#0000, 7440296, 3, 0
Urook#1131, 7443741, 3, 0
Sladkoru#5992, 7444343, 3, 0
Virtini#0000, 7467223, 3, 0
End#2728, 7474124, 3, 0
Urook#1131, 7480588, 3, 0
Urook#1131, 7493086, 3, 0
Virtini#0000, 7528644, 3, 0
Stuckerrs#0000, 7543457, 3, 0
Gamle#9340, 7579998, 3, 0
Virtini#0000, 7603556, 3, 0
Virtini#0000, 7673670, 3, 0
Eduard11#2625, 7676781, 3, 0
Ijuini#0000, 7703901, 3, 1
Alarobzein#0000, 7737163, 3, 0
Alarobzein#0000, 7754154, 3, 0
Xaxadoooooo#0000, 7769632, 3, 0
Omgjrn#0000, 7770737, 3, 0
Omgjrn#0000, 7770770, 3, 0
Omgjrn#0000, 7770776, 3, 0
Virtini#0000, 7776910, 3, 0
Omgjrn#0000, 7777347, 3, 0
Xorcist#0000, 7777788, 3, 0
Zaurye#0000, 7778370, 3, 0
Anotherbob2#0000, 7782721, 3, 0
Alarobzein#0000, 7790799, 3, 0
End#2728, 7794425, 3, 0
Alarobzein#0000, 7795690, 3, 0
Portwave#8221, 7796969, 3, 0
Zaurye#0000, 7803690, 3, 0
Jasseh#0000, 7811111, 3, 0
Xaxadoooooo#0000, 7816585, 3, 0
End#2728, 7819218, 3, 0
Drotik#8972, 7840051, 3, 0
Drotik#8972, 7844881, 3, 0
Portwave#8221, 7848484, 3, 1
Stovedove#0000, 7913094, 3, 0
Alarobzein#0000, 7931230, 3, 1
Svalki#2826, 7935561, 3, 0
Eduard11#2625, 7951351, 3, 0
Eduard11#2625, 7962744, 3, 0
Xorcist#0000, 4821321, 4, 0
Rdzoze#0000, 6205980, 4, 0
Xorcist#0000, 6374076, 4, 0
Xorcist#0000, 6411817, 4, 0
Rdzoze#0000, 6422459, 4, 0
Rdzoze#0000, 6424348, 4, 0
Kaparik#0000, 6588488, 4, 0
Zackeur#0000, 6652495, 4, 0
Auroraclears#0000, 6974940, 4, 0
Mquk#0095, 7152000, 4, 0
Virtini#0000, 7269804, 4, 0
Anotherbob2#0000, 7272748, 4, 0
Virtini#0000, 7277272, 4, 0
Virtini#0000, 7282222, 4, 1
Virtini#0000, 7403537, 4, 0
Sladkoru#5992, 7417986, 4, 0
Alarobzein#0000, 7430434, 4, 0
Virtini#0000, 7444324, 4, 0
Portwave#8221, 7448504, 4, 0
Urook#1131, 7480073, 4, 0
Hpocks#0000, 7523363, 4, 0
Eduard11#2625, 7623283, 4, 1
Alarobzein#0000, 7772760, 4, 0
Omgjrn#0000, 7777344, 4, 0
Omgjrn#0000, 7777348, 4, 0
Xorcist#0000, 7777779, 4, 0
Wiannix#7716, 7833347, 4, 1
Drotik#8972, 7844128, 4, 0
Alarobzein#0000, 7859119, 4, 0
Lo_ski#0331, 7922855, 4, 0
Urook#1131, 7974203, 4, 0
Urook#1131, 7981237, 4, 0
Urook#1131, 7981320, 4, 0